DEWALT 20V MAX Cordless Drill and Impact Driver Power Tool Combo Kit with 2 Batteries and Charger (DCK240C2)NA,None,51353 ratings,,
NANA,None,NA,NA,
NANA,None,NA,NA,
DEWALT 20V MAX Cordless Drill and Impact Driver Power Tool Combo Kit with 2 Batteries and Charger (DCK240C2)NA,None,51353 ratings,,
NANA,None,NA,NA,
NANA,None,NA,NA,
NANA,None,NA,NA,
NANA,None,NA,NA,
NANA,None,NA,NA,
NANA,None,NA,NA,
NANA,None,NA,NA,
NANA,None,NA,NA,
NANA,None,NA,NA,
DEWALT 20V MAX Cordless Drill and Impact Driver Power Tool Combo Kit with 2 Batteries and Charger (DCK240C2)NA,None,51353 ratings,,
